{
  "project_info": {
    "project_number": "796324968037",
    "project_id": "dotbu-819e5",
    "storage_bucket": "dotbu-819e5.appspot.com"
  },
  "client": [
    {
      "client_info": {
        "mobilesdk_app_id": "1:796324968037:android:3ae9ff938a590e3e6c788c",
        "android_client_info": {
          "package_name": "com.smu.dotbuv10"
        }
      },
      "oauth_client": [
        {
          "client_id": "796324968037-rff21qj3kvrgjmuu8n4ct0inu82t036g.apps.googleusercontent.com",
          "client_type": 3
        }
      ],
      "api_key": [
        {
          "current_key": "AIzaSyAh8gzzE5NoJEt1KVdp0IfnYQfbAWoz4Ns"
        }
      ],
      "services": {
        "appinvite_service": {
          "other_platform_oauth_client": [
            {
              "client_id": "796324968037-rff21qj3kvrgjmuu8n4ct0inu82t036g.apps.googleusercontent.com",
              "client_type": 3
            }
          ]
        }
      }
    }
  ],
  "configuration_version": "1"
}